{
  "database": [
    0.22610469,
    -0.44715068,
    0.30152535,
    0.5425278,
    0.07353311,
    -0.09023523,
    0.022467854,
    -0.229693,
    0.07674203,
    -0.0012516284,
    -0.02474476,
    -0.0793448,
    0.28614956,
    0.3815509,
    0.11099488,
    -0.21043845
  ],
  "Table": {
    "nesreca": [
      0.20605384,
      -0.42501074,
      0.34215632,
      0.5509302,
      0.17058975,
      -0.103025086,
      -0.0013880731,
      -0.0933889,
      0.00923442,
      0.057931922,
      -0.14878453,
      -0.11707928,
      0.2830192,
      0.37411806,
      0.1127323,
      -0.1892504
    ],
    "oseba": [
      0.11839628,
      -0.5597638,
      0.2318502,
      0.49036166,
      0.14128953,
      -0.069710106,
      -0.030912371,
      -0.24792627,
      0.17745095,
      -0.015750598,
      -0.036153045,
      0.046454772,
      0.25798425,
      0.36574483,
      0.17603175,
      -0.15709257
    ],
    "upravna_enota": [
      0.12797144,
      -0.14628899,
      0.22213255,
      0.26255292,
      -0.12324339,
      -0.13809781,
      -0.2236943,
      -0.38944852,
      0.31496823,
      -0.043968853,
      -0.4112602,
      0.17329076,
      0.23548877,
      0.35368314,
      -0.040684152,
      -0.35422015
    ]
  },
  "Column": {
    "nesreca": {
      "id_nesreca": [
        0.26755473,
        -0.33572698,
        0.2258206,
        0.5483493,
        0.32060927,
        -0.08120414,
        0.067559995,
        -0.132161,
        0.1295194,
        -0.036374733,
        -0.02846602,
        0.1237962,
        0.013938856,
        0.5449502,
        0.0294547,
        0.018379197
      ],
      "upravna_enota": [
        0.23965262,
        -0.37476373,
        0.23762092,
        0.56104815,
        0.07451761,
        -0.22621419,
        0.06468934,
        -0.16266273,
        0.17827624,
        0.12011797,
        0.073979095,
        0.1203812,
        0.069925874,
        0.4712575,
        0.10270656,
        -0.19953257
      ],
      "x": [
        0.26245362,
        -0.33042958,
        0.1830012,
        0.47948065,
        0.32626778,
        0.0490976,
        -0.25094774,
        -0.16750589,
        -0.033206068,
        -0.044174124,
        -0.21869698,
        -0.07983576,
        0.3236446,
        0.44129303,
        0.042294092,
        -0.010894756
      ],
      "y": [
        0.20061788,
        -0.33819288,
        0.254336,
        0.46761483,
        0.3232332,
        -0.0029472788,
        -0.29999477,
        -0.15456071,
        -0.037602138,
        -0.08137499,
        -0.19378568,
        -0.07692777,
        0.34927523,
        0.4124715,
        -0.001229675,
        -0.004398682
      ],
      "x_wgs84": [
        0.15378076,
        -0.47762686,
        0.11207986,
        0.5261789,
        0.23090531,
        0.04596885,
        -0.31793535,
        -0.17935997,
        -0.05252105,
        -0.10090376,
        -0.08899529,
        -0.18819182,
        0.28448135,
        0.33560276,
        -0.1410402,
        -0.01967636
      ],
      "y_wgs84": [
        0.100328855,
        -0.46037903,
        0.22061819,
        0.5131215,
        0.2489815,
        -0.020326566,
        -0.2852477,
        -0.16572422,
        -0.07690823,
        -0.09334892,
        -0.07758974,
        -0.22823402,
        0.32571778,
        0.28279325,
        -0.18965216,
        0.0034065086
      ],
      "oznaka_cesta_ali_naselje": [
        0.15747628,
        -0.4426807,
        0.40257344,
        0.4186754,
        0.04631564,
        -0.10486044,
        0.16901089,
        0.12183259,
        0.030421598,
        0.06373084,
        -0.008035834,
        0.011242371,
        0.24334185,
        0.50319284,
        0.0631835,
        -0.25247455
      ],
      "tekst_cesta_ali_naselje": [
        0.07000629,
        -0.546222,
        0.3948287,
        0.34275538,
        0.019858653,
        -0.15611207,
        0.12878352,
        0.082290426,
        -0.022522863,
        0.1391631,
        -0.015306298,
        -0.022162773,
        0.28968504,
        0.43762222,
        0.028857782,
        -0.2799732
      ],
      "oznaka_odsek_ali_ulica": [
        0.2010976,
        -0.41415635,
        0.3576322,
        0.49887615,
        0.11119426,
        -0.033430777,
        0.18286124,
        0.064717636,
        -0.033160843,
        -0.021889415,
        -0.10630398,
        0.049275037,
        0.2804135,
        0.48843762,
        0.07841045,
        -0.14659186
      ],
      "tekst_odsek_ali_ulica": [
        0.12360587,
        -0.5118343,
        0.3546518,
        0.4352424,
        0.05236742,
        -0.08441145,
        0.15906844,
        0.042721517,
        -0.020689301,
        0.0679487,
        -0.085983746,
        0.03671724,
        0.3286217,
        0.46354163,
        0.056208253,
        -0.17529657
      ],
      "stacionazna_ali_hisna_st": [
        0.033915453,
        -0.32538036,
        0.24589558,
        0.47126365,
        0.27586767,
        -0.15870805,
        -0.022389947,
        1.6037098e-05,
        0.052602142,
        -0.048493717,
        -0.23931296,
        0.20236349,
        0.2535638,
        0.5518143,
        -0.07753027,
        -0.17460205
      ],
      "opis_prizorisce": [
        0.36751503,
        -0.44613236,
        0.35816333,
        0.60199344,
        0.26356363,
        -0.05561465,
        -0.052598555,
        0.11671084,
        -0.16787504,
        0.116420254,
        0.009491176,
        0.11158964,
        0.11488146,
        0.13349232,
        0.0033541492,
        0.031106163
      ],
      "vzrok_nesreca": [
        0.41432798,
        -0.44702616,
        0.24035345,
        0.511591,
        0.30684578,
        -0.12960598,
        0.005799513,
        0.15597011,
        -0.16030777,
        0.29392073,
        -0.008807569,
        -0.004202066,
        0.086299434,
        0.19869845,
        0.114243284,
        0.0391026
      ],
      "tip_nesreca": [
        0.3231202,
        -0.39084405,
        0.2244951,
        0.6045642,
        0.45041388,
        -0.051463306,
        -0.03297514,
        0.065620646,
        -0.13861673,
        0.17977726,
        0.00045098015,
        0.04876248,
        0.0746625,
        0.17375882,
        0.15687639,
        -0.041647915
      ],
      "vreme_nesreca": [
        0.31081545,
        -0.34861225,
        0.105227605,
        0.5997959,
        0.3078839,
        -0.29645082,
        -0.27294785,
        0.120249294,
        -0.01055612,
        0.027129507,
        0.0077954684,
        -0.13654469,
        0.028208306,
        0.2551058,
        -0.15798798,
        -0.17032832
      ],
      "stanje_promet": [
        0.27457726,
        -0.40441835,
        0.21307871,
        0.51191676,
        0.3894107,
        -0.08626575,
        -0.108957395,
        0.13685384,
        -0.1426569,
        0.019172102,
        -0.24237275,
        -0.054189753,
        0.27279723,
        0.23177432,
        0.13571575,
        -0.18695602
      ],
      "stanje_vozisce": [
        0.19667423,
        -0.42392436,
        0.2530806,
        0.44624066,
        0.3642004,
        -0.16358879,
        -0.15603247,
        0.1617462,
        -0.19234349,
        0.15094931,
        -0.23525749,
        -0.0610615,
        0.2467705,
        0.22951595,
        0.2608785,
        -0.089601904
      ],
      "klas_nesreca": [
        0.3452776,
        -0.38235828,
        0.18603359,
        0.66591704,
        0.23628296,
        -0.1631631,
        -0.032053746,
        -0.04605106,
        -0.062122792,
        0.10457838,
        0.041430537,
        0.083284155,
        -0.061541583,
        0.2320898,
        0.28173622,
        -0.102247566
      ],