{
  "database": [
    0.5375894,
    0.10117777,
    0.15176809,
    0.18679468,
    0.2576946,
    0.019846123,
    0.14679655,
    -0.59059155,
    0.08451351,
    0.14362863,
    -0.19230898,
    0.2091604,
    -0.028879987,
    0.28916007,
    0.1100438,
    -0.025043365
  ],
  "Table": {
    "atom": [
      0.40141308,
      0.034751996,
      0.22479285,
      0.23172185,
      0.39458993,
      -0.042015396,
      0.23051625,
      -0.49798924,
      0.25651678,
      0.0067891707,
      -0.29112643,
      0.23397593,
      -0.0758148,
      0.25000784,
      -0.013427616,
      -0.03251204
    ],
    "canc": [
      0.3658454,
      0.013584653,
      0.06606355,
      0.39250323,
      0.056969203,
      -0.089558415,
      0.1871336,
      -0.48471436,
      -0.023225276,
      0.16679211,
      -0.0680458,
      0.45397288,
      -0.17446075,
      0.31040758,
      0.22971113,
      -0.08762954
    ],
    "sbond_1": [
      0.28781524,
      0.084566996,
      0.103565864,
      0.095638074,
      0.43801373,
      0.19896342,
      0.25889435,
      -0.4683824,
      0.4264119,
      -0.042847022,
      -0.15801536,
      0.19333978,
      0.025601005,
      0.341555,
      -0.006825046,
      0.09441206
    ],
    "sbond_2": [
      0.29897198,
      0.1514942,
      -0.13995266,
      -0.034152366,
      0.40450546,
      0.19947523,
      0.17878407,
      -0.44862652,
      0.51258975,
      -0.08280446,
      -0.16422756,
      0.13857587,
      0.04306107,
      0.25442272,
      0.10498812,
      0.19204466
    ],
    "sbond_3": [
      0.38620797,
      0.19327036,
      -0.09632936,
      -0.105401665,
      0.39592072,
      0.18661916,
      0.1421383,
      -0.40419272,
      0.4919126,
      -0.07825439,
      -0.15427746,
      0.15735656,
      -0.06589464,
      0.26991764,
      0.05576964,
      0.20241992
    ],
    "sbond_7": [
      0.28184935,
      0.11048339,
      0.037379388,
      -0.015788238,
      0.4913072,
      0.19969596,
      0.17457895,
      -0.43399733,
      0.42537928,
      0.026519585,
      -0.09026796,
      0.26926532,
      -0.0112493755,
      0.32125416,
      0.15529752,
      0.12986156
    ]
  },
  "Column": {
    "atom": {
      "atomtype": [
        0.42039457,
        0.017203147,
        0.18788086,
        0.1759739,
        0.4127445,
        -0.17684884,
        0.1338621,
        -0.45114064,
        0.3097827,
        -0.050320625,
        -0.31938457,
        0.034455784,
        -0.30469015,
        0.17375852,
        -0.07881276,
        -0.05191571
      ],
      "atomid": [
        0.42078337,
        0.05624556,
        0.16516644,
        0.09051116,
        0.31850922,
        0.01698146,
        0.119134605,
        -0.41096723,
        0.39224094,
        -0.0948265,
        -0.22782737,
        0.11245772,
        -0.17186044,
        0.35251367,
        -0.3314996,
        0.09160252
      ],
      "drug": [
        0.4462072,
        0.097497866,
        0.19978535,
        0.22072977,
        0.46700132,
        0.0007901678,
        0.21200809,
        -0.32976186,
        0.17239583,
        0.07176878,
        -0.17757225,
        0.408898,
        -0.22533153,
        0.18476443,
        0.016809575,
        0.1103671
      ],
      "charge": [
        0.44187748,
        0.06480734,
        0.116113156,
        -0.032557923,
        0.46935964,
        -0.27293417,
        0.14854224,
        -0.38743582,
        0.22964941,
        0.0020885747,
        -0.3383222,
        0.09909198,
        -0.20878737,
        0.24810876,
        -0.15760496,
        0.10966046
      ],
      "name": [
        0.5041544,
        -0.032451972,
        0.32849517,
        0.08140558,
        0.40596655,
        -0.1588397,
        0.18879986,
        -0.3172485,
        0.32078102,
        0.0063861203,
        -0.23194592,
        0.17824745,
        -0.09785933,
        0.2572377,
        -0.19222602,
        0.05193852
      ]
    },
    "canc": {
      "class": [
        0.24831136,
        0.006619234,
        -0.031874117,
        0.39969766,
        0.111959755,
        -0.2091522,
        0.21112968,
        -0.42085788,
        -0.13258047,
        0.14515133,
        -0.1963166,
        0.39790332,
        -0.38952634,
        0.21447943,
        0.24311684,
        -0.08482334
      ],
      "drug_id": [
        0.3024597,
        0.019068433,
        0.15688713,
        0.3645411,
        0.37235236,
        0.142713,
        0.14442442,
        -0.23027071,
        0.17747365,
        0.04268497,
        -0.079542786,
        0.61551595,
        -0.14735363,
        0.27096716,
        0.0129221855,
        0.06281179
      ]
    },
    "sbond_1": {
      "id": [
        0.13780883,
        -0.057248935,
        -0.007121001,
        0.093626186,
        0.23808053,
        0.16861093,
        0.18442704,
        -0.23941693,
        0.5448064,
        -0.09975656,
        -0.024665384,
        0.29970828,
        -0.0024283195,
        0.5195619,
        -0.34137824,
        0.09370446
      ],
      "drug": [
        0.2591459,
        0.06618297,
        0.12420625,
        0.23224925,
        0.41516733,
        0.13372518,
        0.27669877,
        -0.18134968,
        0.2796926,
        0.12868385,
        0.00473325,
        0.5939189,
        -0.13434544,
        0.27651763,
        0.06849678,
        0.1124634
      ],
      "atomid": [
        0.3291334,
        -0.049630843,
        0.094320476,
        0.027927822,
        0.35954574,
        -0.06624647,
        0.2168308,
        -0.31733564,
        0.5204712,
        -0.095662326,
        -0.12533239,
        0.04293813,
        -0.12910758,
        0.46027902,
        -0.22519375,
        0.14601797
      ],
      "atomid_2": [
        0.3160052,
        -0.023805687,
        0.085148975,
        0.02719093,
        0.35538745,
        0.025557436,
        0.2448799,
        -0.3516785,
        0.53478074,
        -0.11038805,
        -0.15467428,
        0.028516507,
        -0.13272148,
        0.42522922,
        -0.19225074,
        0.15059353
      ]
    },
    "sbond_2": {
      "id": [
        0.13780883,
        -0.057248935,
        -0.007121001,
        0.093626186,
        0.23808053,
        0.16861093,
        0.18442704,
        -0.23941693,
        0.5448064,
        -0.09975656,
        -0.024665384,
        0.29970828,
        -0.0024283195,
        0.5195619,
        -0.34137824,
        0.09370446
      ],
      "drug": [
        0.2591459,
        0.06618297,
        0.12420625,
        0.23224925,
        0.41516733,
        0.13372518,
        0.27669877,
        -0.18134968,
        0.2796926,
        0.12868385,
        0.00473325,
        0.5939189,
        -0.13434544,
        0.27651763,
        0.06849678,
        0.1124634
      ],
      "atomid": [
        0.3291334,
        -0.049630843,
        0.094320476,
        0.027927822,
        0.35954574,
        -0.06624647,
        0.2168308,
        -0.31733564,
        0.5204712,
        -0.095662326,
        -0.12533239,
        0.04293813,
        -0.12910758,
        0.46027902,
        -0.22519375,
        0.14601797
      ],
      "atomid_2": [
        0.3160052,
        -0.023805687,
        0.085148975,
        0.02719093,
        0.35538745,
        0.025557436,
        0.2448799,
        -0.3516785,
        0.53478074,
        -0.11038805,
        -0.15467428,
        0.028516507,
        -0.13272148,
        0.42522922,
        -0.19225074,
        0.15059353
      ]
    },
    "sbond_3": {
      "id": [
        0.13780883,
        -0.057248935,
        -0.007121001,
        0.093626186,
        0.23808053,
        0.16861093,
        0.18442704,
        -0.23941693,
        0.5448064,
        -0.09975656,
        -0.024665384,
        0.29970828,
        -0.0024283195,
        0.5195619,
        -0.34137824,
        0.09370446
      ],