{
  "database": [
    0.07702121,
    -0.107653946,
    -0.096718095,
    0.4396769,
    -0.04803467,
    -0.13003865,
    -0.21063046,
    -0.09389606,
    0.2779557,
    -0.007725143,
    -0.27226204,
    0.25329167,
    0.17231852,
    0.52882504,
    -0.26633474,
    -0.33395067
  ],
  "Table": {
    "EXPENDITURES": [
      -0.03845572,
      -0.062653065,
      0.2255583,
      0.5409574,
      0.006181205,
      -0.09016703,
      0.04616902,
      -0.11130502,
      0.40453678,
      -0.04132028,
      -0.3229394,
      0.16619322,
      0.010091947,
      0.4427729,
      -0.24786219,
      -0.27118763
    ],
    "HOUSEHOLDS": [
      -0.01122667,
      -0.2412514,
      0.0129874805,
      0.45076275,
      -0.10949823,
      -0.115264975,
      -0.1768901,
      -0.28190005,
      0.2932101,
      -0.16367698,
      -0.25124884,
      0.23281267,
      0.07732265,
      0.5052702,
      -0.24704471,
      -0.2233484
    ],
    "HOUSEHOLD_MEMBERS": [
      -0.0079045035,
      -0.15217187,
      0.17900674,
      0.38989803,
      0.12092559,
      -0.11079965,
      -0.07690556,
      -0.16497985,
      0.46505615,
      -0.12481359,
      -0.151149,
      0.30753267,
      0.18932994,
      0.5335139,
      -0.15470515,
      -0.19745974
    ]
  },
  "Column": {
    "EXPENDITURES": {
      "EXPENDITURE_ID": [
        0.21669887,
        -0.022039214,
        0.12714677,
        0.39302364,
        0.06764827,
        0.18983091,
        0.020623084,
        -0.20929167,
        0.5010076,
        -0.048730474,
        -0.3153761,
        0.27215272,
        -0.17682758,
        0.44864044,
        -0.18874614,
        -0.044696033
      ],
      "HOUSEHOLD_ID": [
        0.05178747,
        0.035866022,
        0.12483931,
        0.36348578,
        0.051287256,
        0.08616569,
        0.14949428,
        -0.090140454,
        0.43265533,
        -0.008364508,
        -0.2819781,
        0.37885115,
        -0.028978456,
        0.54289246,
        -0.2886093,
        -0.13648629
      ],
      "YEAR": [
        0.23740661,
        -0.20515752,
        -0.08132356,
        0.53216887,
        -0.35008278,
        -0.16482657,
        -0.1802809,
        0.11101284,
        0.27294815,
        0.19553953,
        0.0039993385,
        0.06623064,
        -0.11008333,
        0.24991587,
        -0.27016452,
        -0.39048225
      ],
      "MONTH": [
        0.2704325,
        -0.12255576,
        -0.10776837,
        0.4269066,
        -0.20207149,
        -0.11876183,
        -0.31488863,
        0.14865628,
        0.39024022,
        0.09903677,
        -0.24950835,
        0.11265871,
        -0.14666536,
        0.15184453,
        -0.2864551,
        -0.4220499
      ],
      "PRODUCT_CODE": [
        0.17320164,
        -0.087146655,
        0.21284103,
        0.34520286,
        0.286531,
        0.24290766,
        0.27278724,
        0.034797013,
        0.2999616,
        -0.037209913,
        -0.20749576,
        0.32506567,
        0.058142155,
        0.5263333,
        -0.15874462,
        -0.18847199
      ],
      "COST": [
        0.2605854,
        -0.054814015,
        0.120283164,
        0.5828026,
        -0.10777557,
        -0.06287647,
        -0.06546861,
        0.1651098,
        0.29642767,
        0.31782234,
        -0.29833964,
        0.20427418,
        -0.04717087,
        0.11015481,
        -0.24062689,
        -0.3687438
      ],
      "GIFT": [
        -0.120958276,
        -0.21566221,
        0.15441091,
        0.4076782,
        0.22636607,
        -0.19333272,
        0.3870166,
        0.1669542,
        0.37856624,
        0.29430744,
        -0.3537603,
        0.24452004,
        -0.17953677,
        0.067052506,
        -0.1726954,
        -0.033482958
      ],
      "IS_TRAINING": [
        0.112614155,
        -0.35254902,
        -0.05422009,
        0.56058043,
        0.2347289,
        -0.0290894,
        -0.0289342,
        -0.25297204,
        0.33473063,
        -0.0788198,
        -0.4613762,
        0.0936272,
        -0.065892905,
        0.075146504,
        0.25755313,
        0.09406069
      ]
    },
    "HOUSEHOLDS": {
      "HOUSEHOLD_ID": [
        0.05454895,
        -0.026974881,
        0.17918532,
        0.3018193,
        0.16479807,
        -0.016711857,
        0.036573548,
        -0.027113808,
        0.33183178,
        -0.11393946,
        -0.1813548,
        0.47000685,
        0.1196607,
        0.5956577,
        -0.308442,
        -0.04929691
      ],
      "YEAR": [
        0.1141709,
        -0.23875345,
        -0.0773072,
        0.49561346,
        -0.16948599,
        -0.26698017,
        -0.22685769,
        0.00081778585,
        0.28170317,
        0.003019872,
        -0.13063617,
        0.18225813,
        0.009954055,
        0.40537032,
        -0.32394415,
        -0.35758913
      ],
      "INCOME_RANK": [
        -0.07209038,
        -0.23171458,
        -0.08535871,
        0.40935338,
        -0.46200204,
        -0.01624765,
        -0.18567415,
        -0.07901516,
        0.1651553,
        -0.035838954,
        -0.19122368,
        0.3219107,
        -0.2276426,
        0.41914165,
        -0.274893,
        -0.20001525
      ],
      "INCOME_RANK_1": [
        -0.06401443,
        -0.14709847,
        -0.11025027,
        0.35424596,
        -0.3311728,
        0.020467179,
        -0.29853684,
        -0.18297873,
        0.22091174,
        -0.09977631,
        -0.3185628,
        0.43468454,
        -0.24084246,
        0.39500195,
        -0.027851667,
        -0.19980368
      ],
      "INCOME_RANK_2": [
        -0.06343101,
        -0.1802911,
        -0.12097678,
        0.40806937,
        -0.310279,
        0.00852196,
        -0.23806348,
        -0.1779057,
        0.30519396,
        -0.089892164,
        -0.37292334,
        0.3867272,
        -0.20715019,
        0.37417302,
        0.03268935,
        -0.15429296
      ],
      "INCOME_RANK_3": [
        0.037818637,
        -0.14404693,
        -0.092664376,
        0.4884946,
        -0.34013808,
        0.018372314,
        -0.2837222,
        -0.31448615,
        0.28351143,
        -0.11479403,
        -0.21263628,
        0.31924692,
        -0.25976166,
        0.31437808,
        0.03134414,
        -0.16490568
      ],
      "INCOME_RANK_4": [
        -0.08218077,
        -0.120965555,
        -0.12943363,
        0.5103912,
        -0.3960677,
        -0.06790392,
        -0.20944645,
        -0.25934044,
        0.16560848,
        -0.1678258,
        -0.31566107,
        0.3053448,
        -0.26176363,
        0.30172497,
        0.03211396,
        -0.14034621
      ],
      "INCOME_RANK_5": [
        -0.038439713,
        -0.2149138,
        -0.101600334,
        0.43915698,
        -0.37202382,
        -0.17128228,
        -0.17728333,
        -0.24370217,
        0.1338254,
        -0.15968338,
        -0.36327466,
        0.33206558,
        -0.2063611,
        0.36686113,
        -0.07877103,
        -0.14687604
      ],
      "INCOME_RANK_MEAN": [
        0.006286842,
        -0.18713702,
        -0.1391845,
        0.39651817,
        -0.32646087,
        -0.00653992,
        -0.38420352,
        -0.19605865,
        0.08651757,
        -0.16623455,
        -0.45428026,
        0.32922193,
        -0.14053506,
        0.25777116,
        -0.17295413,
        -0.17229141
      ],
      "AGE_REF": [
        0.06121027,
        -0.15805528,
        0.035226192,
        0.43968585,
        0.09390875,
        -0.2276078,
        -0.12551305,
        0.03137549,
        0.31127617,
        -0.2694093,
        0.060000367,
        0.29615706,
        -0.075738996,
        0.60323346,
        -0.26178443,
        -0.020096062
      ]
    },