{
  "database": [
    0.17307149,
    -0.19595972,
    0.13895603,
    0.28223622,
    -0.19383322,
    0.0036429507,
    -0.22295183,
    -0.2478242,
    0.51808596,
    -0.1604311,
    -0.14064367,
    0.30641896,
    0.13860528,
    0.43905142,
    -0.15361191,
    -0.20142591
  ],
  "Table": {
    "departments": [
      0.32888752,
      -0.14114636,
      0.07467643,
      0.302531,
      -0.13547266,
      -0.00031015425,
      -0.21182595,
      -0.32281712,
      0.37088564,
      -0.06647102,
      -0.22253564,
      0.30430797,
      0.31045818,
      0.428355,
      0.028048387,
      -0.20643654
    ],
    "dept_emp": [
      0.15496306,
      -0.2802171,
      0.013031249,
      0.36447796,
      -0.20350145,
      0.057426255,
      -0.37183845,
      -0.09324612,
      0.47594362,
      -0.042482484,
      0.024889564,
      0.23477595,
      0.19940676,
      0.46188182,
      0.08161712,
      -0.17016464
    ],
    "dept_manager": [
      0.2893702,
      -0.11424861,
      0.111917965,
      0.31864762,
      -0.22624758,
      -0.051744875,
      -0.32774663,
      -0.17378023,
      0.37618947,
      -0.19148974,
      -0.17761308,
      0.3630931,
      0.087905385,
      0.46978965,
      0.14417973,
      -0.0829457
    ],
    "employees": [
      0.11596126,
      -0.23433322,
      0.14459932,
      0.2704724,
      0.11021116,
      0.0765617,
      -0.26617995,
      -0.105742395,
      0.6356947,
      -0.024758436,
      -0.031767707,
      0.33754635,
      0.22761488,
      0.40087506,
      -0.014453844,
      -0.071760066
    ],
    "salaries": [
      0.13200216,
      -0.20335785,
      -0.015472587,
      0.35107797,
      -0.17662078,
      0.10209445,
      -0.34541818,
      0.09156655,
      0.5609911,
      0.0073044226,
      0.09916427,
      0.31561482,
      -0.08855756,
      0.39320388,
      -0.20798597,
      -0.13597429
    ],
    "titles": [
      0.21584554,
      -0.16795948,
      0.04094926,
      0.38444003,
      -0.12573835,
      0.07116052,
      -0.3318452,
      0.02090687,
      0.5379496,
      -0.19009687,
      -0.047556568,
      0.3269854,
      0.027477035,
      0.4557264,
      0.007949259,
      -0.03293515
    ]
  },
  "Column": {
    "departments": {
      "dept_no": [
        0.13830508,
        -0.14266397,
        0.14193517,
        0.38051772,
        -0.031524565,
        -0.016543088,
        -0.12360258,
        -0.17383994,
        0.32219505,
        -0.10171881,
        -0.1761981,
        0.5391828,
        0.054173827,
        0.5112563,
        -0.12606706,
        -0.18078445
      ],
      "dept_name": [
        0.21756847,
        -0.19987473,
        0.19826904,
        0.31059048,
        -0.22689044,
        -0.15687767,
        -0.019148044,
        -0.12332498,
        0.31968167,
        0.005939926,
        -0.1157888,
        0.5762834,
        0.10836536,
        0.385942,
        -0.14014338,
        -0.23915622
      ]
    },
    "dept_emp": {
      "emp_no": [
        0.14701857,
        -0.17743987,
        0.124691725,
        0.3725673,
        0.22623791,
        0.08571342,
        -0.27665484,
        0.04769257,
        0.41321537,
        -0.170585,
        -0.124365635,
        0.49872988,
        -0.059960887,
        0.38416782,
        -0.19945681,
        0.013984051
      ],
      "dept_no": [
        0.004670132,
        -0.18314518,
        0.11525461,
        0.3703912,
        -0.02027104,
        0.082021534,
        -0.28211462,
        -0.011966364,
        0.43232533,
        -0.08734879,
        -0.10683925,
        0.5421026,
        0.11825678,
        0.44899696,
        -0.03450752,
        -0.11177656
      ],
      "from_date": [
        0.18156457,
        -0.2375771,
        -0.057076253,
        0.3654907,
        -0.07996749,
        -0.14909983,
        -0.46999675,
        0.093021706,
        0.54605544,
        -0.13313438,
        0.1406941,
        0.18887998,
        0.027198931,
        0.3325464,
        -0.120238796,
        -0.13571537
      ],
      "to_date": [
        0.1828547,
        -0.21555035,
        -0.2573077,
        0.34298983,
        -0.09425195,
        -0.17062406,
        -0.3313011,
        0.24399333,
        0.5330775,
        -0.08133272,
        0.20142804,
        0.19127777,
        0.05723795,
        0.36122936,
        -0.03445852,
        -0.1614511
      ]
    },
    "dept_manager": {
      "emp_no": [
        0.17732538,
        -0.14100814,
        0.10526149,
        0.2888181,
        0.12541313,
        -0.058546968,
        -0.17541482,
        -0.016141357,
        0.34565067,
        -0.28614134,
        -0.112892516,
        0.55198073,
        -0.031886492,
        0.48973,
        -0.20860593,
        0.0290188
      ],
      "dept_no": [
        0.09055511,
        -0.13517529,
        0.10874143,
        0.33790025,
        -0.007600248,
        -0.013187265,
        -0.19105218,
        -0.030976584,
        0.3799337,
        -0.20237057,
        -0.095583834,
        0.598214,
        0.05045317,
        0.49442768,
        -0.070236094,
        -0.074812345
      ],
      "from_date": [
        0.31288204,
        -0.20957918,
        -0.11732954,
        0.3016883,
        -0.1318555,
        -0.27111512,
        -0.368042,
        0.07783095,
        0.393901,
        -0.309302,
        0.10189624,
        0.27702266,
        -0.06733929,
        0.37660247,
        -0.17843398,
        -0.06960393
      ],
      "to_date": [
        0.298131,
        -0.18518575,
        -0.24032801,
        0.28701162,
        -0.11351356,
        -0.30244637,
        -0.2605811,
        0.18164696,
        0.44772157,
        -0.25836608,
        0.13797262,
        0.23919843,
        -0.06485185,
        0.4121573,
        -0.07917808,
        -0.08732221
      ]
    },
    "employees": {
      "emp_no": [
        0.16871797,
        -0.1621591,
        0.13375404,
        0.34889105,
        0.15974006,
        0.08541471,
        -0.20881923,
        -0.07262848,
        0.4859037,
        -0.15761198,
        -0.04508276,
        0.47795662,
        -0.012623219,
        0.44743177,
        -0.178311,
        0.01903387
      ],
      "birth_date": [
        0.1495753,
        -0.3060272,
        0.098207794,
        0.44836488,
        0.12927093,
        -0.15382436,
        -0.2911969,
        0.016217675,
        0.49035838,
        -0.051803946,
        0.105465375,
        0.2445874,
        -0.07015688,
        0.37037858,
        -0.27389294,
        -0.12909931
      ],
      "first_name": [
        0.20568842,
        -0.21889457,
        0.20449227,
        0.3282538,
        0.093853384,
        0.026832817,
        -0.12191271,
        0.07604478,
        0.5437421,
        -0.10620798,
        0.028783763,
        0.50889,
        0.043250594,
        0.30452523,
        -0.24848247,
        0.083384074
      ],
      "last_name": [
        0.22234197,
        -0.21711849,
        0.19801123,
        0.28027445,
        0.07637244,
        0.012800841,
        -0.066011325,
        0.13078013,
        0.53622466,
        -0.08288529,
        0.09950668,
        0.49487865,
        0.05667209,
        0.3330679,
        -0.3031434,
        0.05430236
      ],
      "gender": [
        0.076627366,
        -0.23864305,
        0.16614103,
        0.29566088,
        0.2947595,
        0.049649164,
        -0.21707465,
        0.032836676,
        0.43098164,
        -0.17185828,
        0.035833515,
        0.66152525,
        -0.03015471,
        0.16612816,
        0.043553375,
        -0.005172592
      ],