{
  "database": [
    0.27299133,
    0.070318356,
    0.29100382,
    0.6805682,
    0.07288744,
    -0.0015366586,
    -0.0051135486,
    -0.19210383,
    0.29542774,
    0.1129844,
    0.030830702,
    0.23889628,
    0.28408912,
    0.21979514,
    0.009221705,
    -0.20799793
  ],
  "Table": {
    "pripady": [
      0.17049304,
      -0.013766179,
      0.21265909,
      0.72112226,
      0.049075793,
      -0.048824072,
      -0.12852362,
      -0.32868844,
      0.23000619,
      0.021056892,
      0.06569924,
      0.25033265,
      0.22121423,
      0.27410635,
      -0.02299996,
      -0.17671056
    ],
    "vykony": [
      0.3114652,
      0.08366225,
      0.2400267,
      0.6617785,
      -0.012414532,
      -0.11437511,
      -0.27770057,
      -0.08649031,
      0.34209844,
      0.14121959,
      -0.08137682,
      0.1526514,
      0.08607199,
      0.25975412,
      0.09599593,
      -0.22715153
    ],
    "zup": [
      0.10915985,
      0.11659625,
      0.25319794,
      0.5723933,
      0.16111946,
      0.0150244525,
      -0.07621033,
      -0.076452546,
      0.4312704,
      0.074007206,
      -0.12032372,
      0.28532782,
      0.101409286,
      0.31792784,
      -0.08483263,
      -0.37281156
    ]
  },
  "Column": {
    "pripady": {
      "Kod_zdravotni_pojistovny": [
        0.3189247,
        0.010842106,
        0.10410792,
        0.5269373,
        0.15651242,
        -0.05037838,
        0.22915326,
        -0.007853224,
        0.20646146,
        -0.053323068,
        0.15488335,
        0.6092239,
        0.12969546,
        0.24950813,
        -0.050913442,
        -0.08821266
      ],
      "Delka_hospitalizace": [
        0.043379005,
        0.105085,
        -0.057930756,
        0.6862448,
        -0.0641048,
        -0.15796427,
        -0.58465374,
        0.04843861,
        0.11969223,
        0.059964072,
        0.19056042,
        0.19730976,
        -0.05528114,
        0.020915473,
        -0.10203043,
        -0.18024696
      ],
      "Identifikator_pacienta": [
        0.18119265,
        0.011768324,
        0.13500734,
        0.50428146,
        0.32912615,
        -0.0021166531,
        -0.0037234935,
        -0.19769421,
        0.3684822,
        -0.07577529,
        0.07143583,
        0.5142842,
        0.074474335,
        0.34455898,
        -0.016901223,
        0.10683293
      ],
      "DRG_skupina": [
        0.4190695,
        -0.050797176,
        0.10208013,
        0.3925459,
        -0.08811726,
        -0.11077119,
        -0.021230659,
        -0.5253936,
        0.08809794,
        -0.17158867,
        0.087674804,
        0.46341687,
        -0.052759066,
        0.18733017,
        0.23162673,
        -0.0979314
      ],
      "Identifikace_pripadu": [
        0.29403436,
        0.045694377,
        0.24176283,
        0.56723595,
        0.14052089,
        0.057309654,
        -0.002528448,
        -0.17871246,
        0.2784544,
        -0.025242874,
        0.06845026,
        0.4454066,
        0.018268412,
        0.43696415,
        0.04383767,
        0.042839874
      ],
      "Zakladni_diagnoza": [
        0.42154783,
        -0.032231227,
        0.17214587,
        0.685746,
        0.111648515,
        -0.0865136,
        0.056177933,
        -0.2716358,
        0.044631977,
        -0.11810891,
        -0.05431821,
        0.3890604,
        -0.0043914216,
        0.21819714,
        0.053810142,
        0.060826074
      ],
      "Seznam_vedlejsich_diagnoz": [
        0.36999428,
        -0.0088226395,
        0.0039843875,
        0.6807822,
        -0.1057691,
        -0.08135369,
        -0.13110961,
        -0.15952367,
        0.2041032,
        0.07084232,
        0.070259616,
        0.26543334,
        -0.001127584,
        0.22580792,
        0.40015975,
        0.07692005
      ],
      "PSC": [
        0.04713874,
        -0.12503998,
        0.20041955,
        0.2169015,
        0.3510152,
        0.15871912,
        -0.009071955,
        0.11781061,
        0.2887047,
        0.01108418,
        -0.38209894,
        0.393482,
        0.25784576,
        0.30822143,
        -0.4155124,
        -0.11885797
      ],
      "Datum_prijeti": [
        0.19384599,
        -0.12695971,
        0.12310151,
        0.66704965,
        0.10671388,
        -0.24680017,
        -0.29673746,
        0.08914595,
        0.4018869,
        0.02874442,
        0.21009986,
        0.24517664,
        0.009485511,
        0.059859388,
        -0.14856312,
        -0.15987644
      ],
      "Datum_propusteni": [
        0.07771621,
        -0.0752561,
        -0.081018366,
        0.665994,
        0.051558025,
        -0.21761699,
        -0.25863427,
        0.23135222,
        0.3520285,
        0.025786689,
        0.23767813,
        0.23915191,
        0.10069589,
        -0.065068655,
        -0.26393723,
        -0.21317543
      ],
      "Vekovy_Interval_Pacienta": [
        0.2545484,
        -0.050678536,
        -0.08971501,
        0.6682081,
        0.22592716,
        -0.20252553,
        -0.31848234,
        -0.04487374,
        0.14255576,
        -0.10719666,
        0.1642938,
        0.32292274,
        -0.15282181,
        0.2806959,
        0.02318547,
        -0.12967063
      ],
      "Pohlavi_pacienta": [
        0.10529394,
        -0.12560041,
        0.13615584,
        0.42176768,
        0.4222174,
        -0.081893906,
        -0.10622894,
        -0.10808408,
        0.22796036,
        -0.10028325,
        0.08814611,
        0.68213505,
        -0.070450254,
        0.020350503,
        0.16583143,
        0.028149169
      ]
    },
    "vykony": {
      "Identifikace_pripadu": [
        0.29403436,
        0.045694377,
        0.24176283,
        0.56723595,
        0.14052089,
        0.057309654,
        -0.002528448,
        -0.17871246,
        0.2784544,
        -0.025242874,
        0.06845026,
        0.4454066,
        0.018268412,
        0.43696415,
        0.04383767,
        0.042839874
      ],
      "Typ_polozky": [
        0.32693303,
        0.06648323,
        0.32070446,
        0.5825159,
        0.1929395,
        0.042972077,
        -0.072860874,
        -0.0429406,
        0.3704004,
        0.11381695,
        -0.12986873,
        0.40618145,
        0.029286232,
        0.19022943,
        0.16750515,
        -0.056487717
      ],
      "Kod_polozky": [
        0.43730527,
        0.081203625,
        0.34872666,
        0.5368944,
        0.08619654,
        0.095373064,
        0.055610664,
        -0.008593408,
        0.2618586,
        -0.004803655,
        -0.10785022,
        0.36047208,
        -0.018512998,
        0.40033308,
        -0.041392528,
        0.011159431
      ],
      "Pocet": [
        0.3477789,
        0.07030226,
        0.21588533,
        0.5790635,
        0.20261888,
        0.058092464,
        -0.4214311,
        -0.0270007,
        0.22817229,
        0.21722415,
        -0.16500166,
        0.30870405,
        -0.17130454,
        0.07931319,
        0.0840023,
        -0.07042253
      ],
      "Body": [
        0.45550382,
        -0.1598101,
        0.15610224,
        0.526535,
        0.0625247,
        -0.08805235,
        -0.21656516,
        -0.059737988,
        0.42765003,
        0.11740423,
        -0.17812988,
        0.15342194,
        0.009592924,
        0.3340459,
        0.17015216,
        0.10330109
      ],
      "Datum_provedeni_vykonu": [
        0.43620685,
        -0.117180824,
        0.119437076,
        0.61350983,
        0.12573077,
        -0.15903065,
        -0.29840213,
        0.12641889,
        0.36574298,
        0.116184376,
        0.06738517,
        0.12415072,
        0.02586435,
        0.27233815,
        -0.08041253,
        -0.1033641
      ]
    },