{
  "database": [
    0.17507559,
    -0.3129589,
    0.41943935,
    0.3346935,
    0.09859275,
    0.13317207,
    -0.07495848,
    -0.30973613,
    0.22154126,
    -0.0903703,
    -0.38891882,
    0.054140147,
    0.16029374,
    0.45781627,
    0.019342152,
    0.08570456
  ],
  "Table": {
    "ATT_CLASSES": [
      0.29724535,
      -0.18665381,
      0.30071607,
      0.37036195,
      0.1167454,
      -0.08236854,
      0.02641255,
      -0.42225376,
      0.34321022,
      -0.16676834,
      -0.17715271,
      0.21737418,
      0.01295693,
      0.46231836,
      0.10390191,
      0.029260604
    ],
    "IMG_OBJ": [
      0.14132023,
      -0.24422878,
      0.26117107,
      0.42650568,
      0.2597637,
      0.20989856,
      -0.31148186,
      -0.2349551,
      0.18108061,
      -0.08986403,
      -0.46088618,
      0.069189474,
      0.04890968,
      0.34923336,
      -0.10038365,
      0.11833036
    ],
    "IMG_OBJ_ATT": [
      0.20032127,
      -0.36249352,
      0.26662293,
      0.33547395,
      0.26537108,
      0.17959744,
      -0.08889639,
      -0.22865435,
      0.25313598,
      -0.11037407,
      -0.3503589,
      0.16333269,
      0.04034546,
      0.4748207,
      0.027467707,
      0.16867356
    ],
    "IMG_REL": [
      0.26599824,
      -0.24989404,
      0.20569761,
      0.3609751,
      0.30340353,
      0.3902292,
      -0.1924846,
      -0.14913426,
      0.17596611,
      -0.113267444,
      -0.2958108,
      0.09547673,
      0.20786375,
      0.4096659,
      -0.0048879557,
      0.19770858
    ],
    "OBJ_CLASSES": [
      0.29809433,
      -0.13671522,
      0.3417059,
      0.42197996,
      0.20167139,
      -0.07081053,
      -0.029735526,
      -0.35958514,
      0.29492575,
      -0.17943645,
      -0.2589458,
      0.17721295,
      0.1447965,
      0.42015365,
      -0.016675636,
      0.07961405
    ],
    "PRED_CLASSES": [
      0.25295123,
      -0.08645448,
      0.3897202,
      0.27467018,
      0.016794968,
      -0.00036367867,
      0.10795774,
      -0.3143273,
      0.3192576,
      -0.18761376,
      -0.29412466,
      0.13919112,
      0.15119573,
      0.4946546,
      0.21611184,
      0.18226786
    ]
  },
  "Column": {
    "ATT_CLASSES": {
      "ATT_CLASS_ID": [
        0.21132563,
        -0.08248293,
        0.17622662,
        0.3528308,
        0.14435102,
        -0.01906381,
        0.036739636,
        -0.43432736,
        0.35914552,
        -0.26550093,
        -0.17390935,
        0.18744019,
        -0.1396032,
        0.52783036,
        0.020364108,
        0.13578983
      ],
      "ATT_CLASS": [
        0.28211114,
        -0.21745655,
        0.37149,
        0.38458788,
        0.045682613,
        -0.19928646,
        0.11404832,
        -0.3652385,
        0.34332168,
        -0.17043975,
        -0.1843739,
        0.2576791,
        -0.08943365,
        0.36927745,
        0.075346224,
        0.040646233
      ]
    },
    "IMG_OBJ": {
      "IMG_ID": [
        0.17581673,
        -0.28420544,
        0.18456706,
        0.37298492,
        0.1538216,
        0.2592584,
        -0.07264835,
        -0.22224842,
        0.2730303,
        -0.15600781,
        -0.2561289,
        0.2891771,
        -0.08606758,
        0.48247227,
        -0.19481555,
        0.20817132
      ],
      "OBJ_SAMPLE_ID": [
        0.16284548,
        -0.19311963,
        0.16254462,
        0.41117907,
        0.24572618,
        0.2453482,
        -0.14197874,
        -0.32508543,
        0.2595345,
        -0.08924416,
        -0.34564742,
        0.18638903,
        -0.034276932,
        0.44953376,
        -0.10424116,
        0.22499831
      ],
      "OBJ_CLASS_ID": [
        0.2594771,
        -0.08510154,
        0.27663562,
        0.45009515,
        0.31570384,
        -0.05462429,
        0.04873337,
        -0.29755664,
        0.2955653,
        -0.20304886,
        -0.17458875,
        0.3020314,
        -0.017961811,
        0.4250368,
        -0.028049536,
        0.14384443
      ],
      "X": [
        0.08272068,
        -0.09862165,
        -0.054663546,
        0.5234846,
        0.39256018,
        0.3125508,
        -0.15709361,
        -0.23071566,
        0.2741056,
        -0.10394885,
        -0.391708,
        0.1255691,
        -0.015317656,
        0.27834904,
        0.012537343,
        0.20903401
      ],
      "Y": [
        0.027190004,
        -0.12417603,
        -0.015019377,
        0.520148,
        0.39821124,
        0.28299236,
        -0.21750063,
        -0.23055568,
        0.26786077,
        -0.12469405,
        -0.39547038,
        0.12607346,
        0.011790578,
        0.25715995,
        -0.008907937,
        0.21909651
      ],
      "W": [
        0.00013233112,
        -0.11611787,
        0.037542906,
        0.46990243,
        0.39063287,
        0.3147458,
        -0.31088132,
        -0.18504086,
        0.321485,
        -0.0016813045,
        -0.37735242,
        0.31426382,
        -0.1611664,
        0.0851298,
        -0.044095043,
        -0.045546316
      ],
      "H": [
        0.023982268,
        -0.14247738,
        0.11415988,
        0.5392431,
        0.47518986,
        0.056132767,
        -0.3563152,
        -0.17626205,
        0.19214995,
        -0.041462827,
        -0.37151822,
        0.22349647,
        -0.21581781,
        0.108093396,
        0.0037602766,
        -0.058578353
      ]
    },
    "IMG_OBJ_ATT": {
      "IMG_ID": [
        0.17581673,
        -0.28420544,
        0.18456706,
        0.37298492,
        0.1538216,
        0.2592584,
        -0.07264835,
        -0.22224842,
        0.2730303,
        -0.15600781,
        -0.2561289,
        0.2891771,
        -0.08606758,
        0.48247227,
        -0.19481555,
        0.20817132
      ],
      "ATT_CLASS_ID": [
        0.1894809,
        -0.13430445,
        0.21515134,
        0.3812211,
        0.25003162,
        -0.06673553,
        0.1353159,
        -0.35458988,
        0.39324567,
        -0.23339838,
        -0.17562675,
        0.19125606,
        -0.044376276,
        0.4720059,
        0.00028546172,
        0.20524721
      ],
      "OBJ_SAMPLE_ID": [
        0.16284548,
        -0.19311963,
        0.16254462,
        0.41117907,
        0.24572618,
        0.2453482,
        -0.14197874,
        -0.32508543,
        0.2595345,
        -0.08924416,
        -0.34564742,
        0.18638903,
        -0.034276932,
        0.44953376,
        -0.10424116,
        0.22499831
      ]
    },
    "IMG_REL": {
      "IMG_ID": [
        0.17581673,
        -0.28420544,
        0.18456706,
        0.37298492,
        0.1538216,
        0.2592584,
        -0.07264835,
        -0.22224842,
        0.2730303,
        -0.15600781,
        -0.2561289,
        0.2891771,
        -0.08606758,
        0.48247227,
        -0.19481555,
        0.20817132
      ],
      "PRED_CLASS_ID": [
        0.15249984,
        -0.051508203,
        0.37512884,
        0.2916649,
        0.08575318,
        0.0358573,
        0.23202395,
        -0.25840738,
        0.37923574,
        -0.21063115,
        -0.27594745,
        0.18197902,
        0.09676345,
        0.45614564,
        0.15357612,
        0.28387594
      ],
      "OBJ1_SAMPLE_ID": [
        0.17623197,
        -0.16868125,
        0.13835698,
        0.29362822,
        0.17142476,
        0.12630558,
        0.027810393,
        -0.18942751,
        0.49787796,
        -0.24695621,
        -0.14335641,
        0.1475708,
        0.0749137,
        0.58635,
        -0.16567068,
        0.15833442
      ],
      "OBJ2_SAMPLE_ID": [
        0.14106104,
        -0.11290964,
        0.17343241,
        0.2807884,
        0.19769421,
        0.22577062,
        0.064615056,
        -0.21915689,
        0.49556518,
        -0.24075335,
        -0.15117316,
        0.15891181,
        0.12607425,
        0.5443077,
        -0.11046927,
        0.20037375
      ]
    },