{
  "database": [
    0.19967373,
    0.11675218,
    0.24128994,
    0.6347172,
    0.20781423,
    -0.10985991,
    0.07000541,
    -0.49813515,
    0.13063373,
    0.08150743,
    0.020605767,
    0.19939682,
    0.17217766,
    0.18753664,
    0.102942385,
    -0.19445483
  ],
  "Table": {
    "Bio": [
      0.27835572,
      0.037642565,
      -0.077340074,
      0.5176196,
      0.23974785,
      -0.05099946,
      -0.22090888,
      -0.44703236,
      0.20699312,
      0.13921207,
      -0.06201359,
      0.3868186,
      -0.08336541,
      0.20348313,
      0.27175006,
      -0.023814617
    ],
    "dispat": [
      0.12967709,
      -0.08520725,
      0.20306817,
      0.56989706,
      0.3045076,
      -0.10076564,
      -0.014263177,
      -0.28142673,
      0.39773676,
      -0.15895239,
      -0.021690734,
      0.35665882,
      0.06567935,
      0.2927156,
      0.11706408,
      -0.113069475
    ],
    "indis": [
      0.23084623,
      0.09389967,
      0.004956117,
      0.46199253,
      0.29505298,
      -0.24231996,
      -0.26090676,
      -0.5251112,
      0.2176993,
      0.09750376,
      -0.074677974,
      0.30114213,
      -0.02473589,
      0.12790239,
      0.19079733,
      -0.16823825
    ],
    "inf": [
      0.2647878,
      0.1349264,
      0.013000474,
      0.6404508,
      0.34197715,
      -0.105733305,
      -0.22051974,
      -0.23708762,
      0.15931787,
      0.050360814,
      0.13885042,
      0.33711028,
      0.1264152,
      0.2593149,
      0.15472837,
      -0.019017054
    ],
    "rel11": [
      0.25437272,
      -0.087603,
      0.09563491,
      0.40767577,
      0.32990855,
      0.01913176,
      0.021034174,
      -0.39045763,
      0.30808863,
      0.11639221,
      0.015791254,
      0.45235026,
      0.17649543,
      0.3524465,
      0.14650656,
      0.00043648525
    ],
    "rel12": [
      0.26498863,
      0.012649157,
      0.10991532,
      0.42537042,
      0.28153598,
      0.14917803,
      -0.06037382,
      -0.3334592,
      0.37592682,
      0.02214158,
      -0.03826666,
      0.4462488,
      0.22269046,
      0.3185484,
      0.16288619,
      0.015276649
    ],
    "rel13": [
      0.26376846,
      -0.074588515,
      0.11883113,
      0.4724185,
      0.27175775,
      0.09382118,
      0.03739483,
      -0.313604,
      0.42207983,
      0.0154931,
      -0.036404975,
      0.3850393,
      0.14425203,
      0.3316515,
      0.21427988,
      0.021746704
    ]
  },
  "Column": {
    "Bio": {
      "fibros": [
        0.2739627,
        0.1724121,
        -0.16037667,
        0.49402037,
        0.04840862,
        0.030236654,
        -0.24679182,
        -0.3453292,
        0.072423935,
        0.27293718,
        -0.12703598,
        0.3931356,
        -0.38125026,
        -0.0218107,
        0.20773172,
        -0.05110797
      ],
      "activity": [
        0.28075433,
        -0.072511785,
        -0.04795226,
        0.5964404,
        0.24912804,
        -0.149868,
        -0.25067806,
        -0.32925975,
        0.1893202,
        -0.07125041,
        -0.15497525,
        0.35092092,
        -0.2406396,
        0.11114925,
        0.17714983,
        -0.111249484
      ],
      "b_id": [
        0.15804157,
        -0.011860133,
        0.077739604,
        0.5298839,
        0.2884705,
        -0.01980205,
        0.049541738,
        -0.43156618,
        0.28341407,
        -0.05253431,
        -0.05017934,
        0.4806022,
        -0.11479982,
        0.2862596,
        -0.06358911,
        -0.0019340754
      ]
    },
    "dispat": {
      "m_id": [
        0.16168657,
        0.048908126,
        0.13978189,
        0.5694145,
        0.2642787,
        0.012678339,
        0.02829123,
        -0.37507933,
        0.2975678,
        -0.08094176,
        -0.039730787,
        0.4982549,
        -0.08659057,
        0.23743035,
        -0.080619335,
        -0.029992733
      ],
      "sex": [
        0.03205627,
        -0.09270025,
        0.061364707,
        0.54728466,
        0.42039275,
        -0.022702297,
        0.052434713,
        -0.22640637,
        0.2584564,
        -0.23604357,
        -0.046665404,
        0.545182,
        -0.13495213,
        0.01989476,
        0.101387374,
        -0.07094741
      ],
      "age": [
        0.25115407,
        -0.07467456,
        -0.066361785,
        0.6551486,
        0.11082126,
        -0.19424006,
        -0.2055482,
        -0.21474324,
        0.16773726,
        -0.13564989,
        0.09572687,
        0.372076,
        -0.25837508,
        0.2509555,
        -0.019381234,
        -0.18733285
      ],
      "Type": [
        0.32359117,
        -0.064542025,
        0.24584839,
        0.66256887,
        -0.0005663349,
        0.12691136,
        0.071373865,
        -0.1940263,
        0.12739494,
        -0.034720365,
        -0.13754247,
        0.37800616,
        -0.26043585,
        0.20888653,
        -0.043522622,
        -0.20060085
      ]
    },
    "indis": {
      "got": [
        0.59021705,
        -0.049933244,
        0.16834557,
        0.23381709,
        0.29324344,
        -0.3400723,
        -0.20750415,
        -0.3708898,
        0.057354547,
        0.048675194,
        -0.14578675,
        0.15079218,
        -0.28134128,
        -0.01557129,
        0.10451044,
        -0.20955466
      ],
      "gpt": [
        0.37194481,
        -0.06245209,
        0.066720806,
        0.34056556,
        0.08020489,
        -0.21976675,
        -0.14888567,
        -0.52466303,
        0.05786679,
        0.09672431,
        -0.16952161,
        0.37918168,
        -0.3620718,
        -0.062438793,
        0.16202728,
        -0.19668217
      ],
      "alb": [
        0.32813275,
        0.08822382,
        0.0032216876,
        0.297409,
        0.38112754,
        -0.046578594,
        -0.034818586,
        -0.42687985,
        0.1941519,
        0.11770775,
        -0.29922906,
        0.29811338,
        -0.47745416,
        -0.053143036,
        -0.06529208,
        -0.014387349
      ],
      "tbil": [
        0.16516136,
        0.17086457,
        -0.020483933,
        0.45439342,
        0.13683523,
        0.013691773,
        -0.09220498,
        -0.4945279,
        0.12005566,
        0.16832468,
        -0.13246493,
        0.3414206,
        -0.4215385,
        -0.028021844,
        -0.07749249,
        -0.3214289
      ],
      "dbil": [
        0.16231494,
        0.18100242,
        -0.043689743,
        0.4276,
        0.15742323,
        0.07830212,
        -0.057755403,
        -0.4897922,
        0.1490429,
        0.12823638,
        -0.14695153,
        0.434609,
        -0.38497037,
        -0.010874192,
        -0.004858105,
        -0.2907128
      ],
      "che": [
        0.47019103,
        0.3037393,
        -0.012072715,
        0.32965836,
        0.40328914,
        -0.017514786,
        -0.18551828,
        -0.37488282,
        0.05392217,
        0.048005942,
        -0.01268669,
        0.21439818,
        -0.39853692,
        0.14500281,
        0.07585093,
        -0.05467088
      ],
      "ttt": [
        0.40466765,
        0.047997918,
        0.092038766,
        0.5134413,
        0.27276063,
        -0.18095353,
        -0.23874073,
        -0.21982469,
        -0.02218153,
        0.086183466,
        0.07392446,
        0.15287139,
        -0.38521376,
        0.016506325,
        0.28796065,
        -0.28468764
      ],
      "ztt": [
        0.35394108,
        0.13712344,
        0.0037478155,
        0.45057362,
        0.33603856,
        -0.15387656,
        -0.22087145,
        -0.20980257,
        -0.006465601,
        0.16646346,
        -0.02136235,
        0.086206116,
        -0.4661656,
        0.1462555,
        0.2455058,
        -0.2981228
      ],