{
  "database": [
    0.21392308,
    -0.1712738,
    0.040494766,
    0.12366595,
    0.23635681,
    -0.037052006,
    -0.11272317,
    -0.25779316,
    0.43805927,
    0.16782048,
    -0.33119187,
    0.32030854,
    0.3432625,
    0.41148606,
    0.046536606,
    -0.22339894
  ],
  "Table": {
    "demog": [
      -0.040945332,
      -0.37871066,
      0.14107892,
      0.2407446,
      0.058548346,
      -0.043719307,
      -0.13062732,
      -0.41942266,
      0.29219565,
      0.12683001,
      -0.2951326,
      0.25815427,
      0.2979252,
      0.31329837,
      -0.09242187,
      -0.3578467
    ],
    "customers": [
      0.02340474,
      -0.33766636,
      0.13739038,
      0.24620156,
      0.23275267,
      -0.03138907,
      -0.20719363,
      -0.26882932,
      0.4136391,
      -0.12314891,
      -0.2004358,
      0.24871941,
      0.24035321,
      0.47616294,
      0.0017792783,
      -0.2505635
    ],
    "mailings1_2": [
      0.33298308,
      -0.18436697,
      0.027437836,
      0.062123574,
      0.20840673,
      -0.10046407,
      -0.1818366,
      -0.20683543,
      0.3877471,
      0.015429618,
      -0.32233083,
      0.42561588,
      0.30230603,
      0.43884838,
      -0.035891302,
      -0.015816735
    ],
    "sales": [
      0.29308715,
      -0.16818264,
      -0.030828217,
      0.34183437,
      0.23071039,
      0.13541788,
      0.02731419,
      -0.050417043,
      0.41679096,
      0.0075445147,
      -0.1789794,
      0.13013273,
      0.048001874,
      0.61944896,
      -0.13712981,
      -0.25611454
    ],
    "mailings3": [
      0.34869385,
      -0.16738157,
      0.029030804,
      0.25358328,
      0.13476121,
      -0.10816881,
      -0.087156795,
      -0.18696679,
      0.45513576,
      0.059050582,
      -0.27705282,
      0.34260523,
      0.27219495,
      0.4580128,
      0.00497102,
      0.15547387
    ]
  },
  "Column": {
    "demog": {
      "geoid": [
        0.076767534,
        -0.38239378,
        0.2352285,
        0.21300754,
        0.1551498,
        0.17075944,
        -0.2284779,
        -0.33168948,
        0.18607256,
        -0.04894254,
        -0.39402613,
        0.21216747,
        0.06160252,
        0.4668271,
        -0.17659955,
        -0.20378163
      ],
      "inhabitants_k": [
        0.22162116,
        -0.20745362,
        -0.0070820986,
        0.36632463,
        0.046529856,
        0.08646859,
        -0.49015906,
        -0.19375345,
        0.024475904,
        0.08980766,
        -0.34948057,
        0.2529677,
        -0.22496545,
        -0.1722277,
        -0.34863973,
        -0.29924875
      ],
      "income_k": [
        -0.028588258,
        -0.31687945,
        -0.13952343,
        0.4042317,
        -0.2810928,
        0.1282811,
        -0.4287144,
        -0.24465269,
        0.09759558,
        0.026659084,
        -0.23128574,
        0.17903586,
        -0.29513377,
        0.066134304,
        -0.20813046,
        -0.38236284
      ],
      "a_var1": [
        0.1875762,
        -0.00986206,
        -0.088877514,
        0.37639356,
        0.34041393,
        0.20256773,
        0.09491066,
        -0.38029027,
        0.31765425,
        -0.13426791,
        -0.3813727,
        0.34829396,
        -0.17035669,
        -0.12789156,
        -0.20740613,
        0.17470442
      ],
      "a_var2": [
        0.1664412,
        -0.038062904,
        -0.09342064,
        0.4009119,
        0.3455597,
        0.24169184,
        0.07111826,
        -0.38600093,
        0.32354474,
        -0.15835954,
        -0.3251779,
        0.2883033,
        -0.15460068,
        -0.2422228,
        -0.19443958,
        0.17467484
      ],
      "a_var3": [
        0.31418383,
        -0.103881754,
        -0.008320855,
        0.4638199,
        0.30949312,
        0.21928705,
        -0.00071439106,
        -0.48294252,
        0.29530108,
        -0.102865234,
        -0.17640442,
        0.23211649,
        -0.1799008,
        -0.22123596,
        -0.096915655,
        0.15719186
      ],
      "a_var4": [
        0.16168506,
        -0.099671364,
        -0.06363533,
        0.49842882,
        0.23352726,
        0.17114426,
        0.10374916,
        -0.43178058,
        0.18746288,
        -0.21909566,
        -0.3631161,
        0.29074398,
        -0.15993652,
        -0.22632994,
        -0.12168432,
        0.19818318
      ],
      "a_var5": [
        0.23116158,
        -0.2563418,
        -0.038492665,
        0.40753946,
        0.2568862,
        -0.03164799,
        0.11973157,
        -0.42036614,
        0.16990824,
        -0.1353934,
        -0.4331928,
        0.34809223,
        -0.070992075,
        -0.15578614,
        -0.20802775,
        0.1632133
      ],
      "a_var6": [
        0.23637176,
        -0.08330131,
        0.033105016,
        0.4009565,
        0.2855776,
        0.16588618,
        0.058118362,
        -0.44515306,
        0.18753494,
        -0.13351215,
        -0.34027168,
        0.1974397,
        -0.27883798,
        -0.30288246,
        -0.26336548,
        0.13454905
      ],
      "a_var7": [
        0.23474379,
        0.042050637,
        0.10379187,
        0.4019649,
        0.27948466,
        0.07957589,
        -0.09948206,
        -0.43302318,
        0.30489382,
        -0.24896024,
        -0.17520978,
        0.24759777,
        -0.28042486,
        -0.10434314,
        -0.3672335,
        0.13265802
      ],
      "a_var8": [
        0.22399797,
        -0.16099672,
        0.07211127,
        0.40701926,
        0.31237826,
        0.11300569,
        0.019445246,
        -0.4076699,
        0.17643526,
        -0.21576358,
        -0.28153008,
        0.16132927,
        -0.42265663,
        -0.2268536,
        -0.21467917,
        0.13022628
      ],
      "a_var9": [
        0.21648596,
        -0.17460555,
        -0.12920344,
        0.46918407,
        0.21950525,
        0.21215038,
        -0.004168393,
        -0.54191697,
        0.2722931,
        -0.05621889,
        -0.18973958,
        0.237593,
        -0.30459392,
        -0.06917669,
        -0.17368174,
        0.03813138
      ],
      "a_var10": [
        0.36663723,
        -0.15468398,
        -0.123750106,
        0.35083452,
        0.269478,
        0.076241635,
        0.004405276,
        -0.3579293,
        0.31444088,
        -0.1921944,
        -0.3414551,
        0.28830254,
        -0.3193678,
        -0.10959792,
        -0.17232971,
        -0.13213775
      ],
      "a_var11": [
        0.24922162,
        -0.06893173,
        -0.07718614,
        0.39002192,
        0.3512008,
        -0.023413649,
        0.13915645,
        -0.37427455,
        0.28840768,
        -0.20014432,
        -0.23924614,
        0.25291988,
        -0.42510974,
        -0.095888376,
        -0.20350222,
        -0.12631717
      ],
      "a_var12": [
        0.28819287,
        -0.11954385,
        -0.13240114,
        0.43638828,
        0.34395418,
        0.13679063,
        0.23604918,
        -0.33250707,
        0.22546327,
        -0.10291089,
        -0.24657494,
        0.12349242,
        -0.31207606,
        -0.067325674,
        -0.36093676,
        -0.14737563
      ],
      "a_var13": [
        0.39055866,
        -0.16183418,
        -0.074493565,
        0.32905996,
        0.2430528,
        0.10882542,
        0.042555664,
        -0.42156962,
        0.33761448,
        -0.08107464,
        -0.28446642,
        0.22357243,
        -0.3403595,
        0.022199946,
        -0.29800823,
        0.019636435
      ],
      "a_var14": [
        0.24754913,
        -0.11886646,
        -0.0744219,
        0.33332056,
        0.18386552,
        0.18316405,
        0.036563024,
        -0.38199314,
        0.3794042,
        -0.17176528,
        -0.35377705,
        0.26327255,
        -0.34250227,
        -0.085693136,
        -0.31676576,
        -0.020608507
      ],