{
  "database": [
    0.12113739,
    -0.1720166,
    -0.05453019,
    0.19805661,
    0.25631264,
    0.2287194,
    -0.025910564,
    -0.17154564,
    0.40295905,
    0.12171619,
    -0.25540137,
    0.33970276,
    0.32057554,
    0.46743178,
    -0.112091,
    -0.271632
  ],
  "Table": {
    "client": [
      0.09255426,
      -0.1756073,
      0.16966327,
      0.1901016,
      0.105507515,
      0.10802037,
      -0.15662006,
      -0.32429338,
      0.3761201,
      -0.025361935,
      -0.19761057,
      0.26573333,
      0.41536656,
      0.5382668,
      -0.04074168,
      -0.16577442
    ],
    "dobito": [
      0.18938133,
      -0.024925487,
      0.059325546,
      0.41177386,
      0.0784504,
      0.08327863,
      -0.0415851,
      -0.16894735,
      0.4820477,
      -0.15882637,
      -0.0786232,
      0.13580132,
      0.28792074,
      0.444731,
      -0.26810896,
      -0.3350941
    ],
    "probehnuto": [
      0.22277938,
      -0.1574383,
      -0.06712689,
      0.3989957,
      0.14376749,
      0.2397299,
      -0.21000025,
      -0.07470299,
      0.30832288,
      0.0018631866,
      -0.099050574,
      0.24536408,
      0.15499,
      0.453199,
      -0.25572252,
      -0.4173399
    ],
    "probehnuto_mimo_penezenku": [
      0.11918522,
      -0.26760945,
      -0.16311267,
      0.23975569,
      0.16910279,
      0.16009602,
      -0.1435409,
      -0.010007057,
      0.37930378,
      0.19182424,
      -0.15842725,
      0.4514911,
      0.12355029,
      0.4514911,
      -0.06157914,
      -0.35021254
    ]
  },
  "Column": {
    "client": {
      "client_id": [
        0.17178035,
        -0.009386191,
        0.11452776,
        0.23059069,
        0.24091919,
        0.17347354,
        -0.000787336,
        -0.17406192,
        0.41764364,
        -0.14939065,
        0.022173082,
        0.43440628,
        0.20302545,
        0.5805855,
        -0.14601555,
        0.0108528435
      ],
      "kraj": [
        0.187939,
        -0.23551397,
        0.1027121,
        0.22731403,
        0.2780116,
        0.20296802,
        -0.3410218,
        -0.033329785,
        0.13527076,
        -0.06778135,
        -0.16750255,
        0.3176659,
        0.5011368,
        0.42060962,
        0.016425107,
        -0.17582946
      ],
      "obor": [
        0.17665243,
        -0.24291441,
        0.26341638,
        0.20666143,
        0.084437855,
        0.16809712,
        -0.17966412,
        -0.093296826,
        0.3548543,
        0.044150922,
        -0.10973021,
        0.46649665,
        0.3844375,
        0.43878102,
        0.1457289,
        -0.047231823
      ]
    },
    "dobito": {
      "client_id": [
        0.17178035,
        -0.009386191,
        0.11452776,
        0.23059069,
        0.24091919,
        0.17347354,
        -0.000787336,
        -0.17406192,
        0.41764364,
        -0.14939065,
        0.022173082,
        0.43440628,
        0.20302545,
        0.5805855,
        -0.14601555,
        0.0108528435
      ],
      "kc_dobito": [
        0.314328,
        -0.19425026,
        -0.13959266,
        0.12534298,
        0.08822215,
        0.2749475,
        -0.01914494,
        -0.020696554,
        0.2889354,
        0.12333024,
        -0.11094665,
        0.1366069,
        -0.1942058,
        0.2659383,
        -0.5702446,
        -0.4252188
      ],
      "month_year_datum_transakce": [
        0.4322377,
        -0.236663,
        0.0013234963,
        0.38908553,
        -0.023567582,
        -0.07052439,
        -0.17983754,
        0.0939893,
        0.454414,
        -0.020751612,
        -0.015078052,
        0.042646065,
        0.0069703823,
        0.36893103,
        -0.34506992,
        -0.3080041
      ],
      "sluzba": [
        0.15845712,
        -0.07833232,
        0.14249505,
        0.28293312,
        0.20315422,
        0.09671579,
        -0.22076446,
        0.17402332,
        0.32272634,
        0.0011670028,
        -0.145932,
        0.42455503,
        0.4981333,
        0.29563025,
        0.028559312,
        -0.31097633
      ]
    },
    "probehnuto": {
      "client_id": [
        0.17178035,
        -0.009386191,
        0.11452776,
        0.23059069,
        0.24091919,
        0.17347354,
        -0.000787336,
        -0.17406192,
        0.41764364,
        -0.14939065,
        0.022173082,
        0.43440628,
        0.20302545,
        0.5805855,
        -0.14601555,
        0.0108528435
      ],
      "kc_proklikano": [
        0.36055523,
        -0.2627003,
        -0.14608936,
        0.090370305,
        0.29555863,
        0.3713655,
        -0.108453706,
        0.009310325,
        0.11867299,
        0.12654245,
        -0.02066839,
        0.28475738,
        -0.04134972,
        0.41736087,
        -0.332976,
        -0.3687552
      ],
      "month_year_datum_transakce": [
        0.4322377,
        -0.236663,
        0.0013234963,
        0.38908553,
        -0.023567582,
        -0.07052439,
        -0.17983754,
        0.0939893,
        0.454414,
        -0.020751612,
        -0.015078052,
        0.042646065,
        0.0069703823,
        0.36893103,
        -0.34506992,
        -0.3080041
      ],
      "sluzba": [
        0.15845712,
        -0.07833232,
        0.14249505,
        0.28293312,
        0.20315422,
        0.09671579,
        -0.22076446,
        0.17402332,
        0.32272634,
        0.0011670028,
        -0.145932,
        0.42455503,
        0.4981333,
        0.29563025,
        0.028559312,
        -0.31097633
      ]
    },
    "probehnuto_mimo_penezenku": {
      "client_id": [
        0.17178035,
        -0.009386191,
        0.11452776,
        0.23059069,
        0.24091919,
        0.17347354,
        -0.000787336,
        -0.17406192,
        0.41764364,
        -0.14939065,
        0.022173082,
        0.43440628,
        0.20302545,
        0.5805855,
        -0.14601555,
        0.0108528435
      ],
      "Month/Year": [
        0.38201946,
        -0.26377302,
        -0.02894743,
        0.40229937,
        -0.0615265,
        -0.2286497,
        -0.45290136,
        0.03520005,
        0.2239829,
        -0.10760256,
        -0.1104338,
        0.11826172,
        0.056644738,
        0.3782689,
        -0.16162221,
        -0.31469265
      ],
      "probehla_inzerce_mimo_penezenku": [
        0.06218171,
        -0.392489,
        -0.022889098,
        0.121897444,
        0.40330967,
        0.18639356,
        0.27281186,
        0.22630724,
        0.24048129,
        0.3056057,
        -0.3150297,
        0.48978502,
        0.05903307,
        0.079555586,
        0.018847559,
        -0.055964045
      ]
    }
  }
}