{
  "database": [
    0.18357927,
    -0.13092192,
    -0.05271543,
    0.29523358,
    0.12707381,
    0.15541403,
    -0.1615954,
    -0.10421959,
    0.33627737,
    -0.09367607,
    -0.3352258,
    0.12283939,
    0.22368789,
    0.4913375,
    -0.25407338,
    -0.4202554
  ],
  "Table": {
    "key": [
      0.1927022,
      -0.16670366,
      0.0043737777,
      0.2715413,
      0.25483438,
      0.2861914,
      -0.17741612,
      0.008827512,
      0.24293567,
      -0.21188536,
      -0.4006048,
      0.28159067,
      0.19668047,
      0.47544307,
      -0.12425758,
      -0.24302588
    ],
    "station": [
      0.24706322,
      -0.16594693,
      -0.05859605,
      0.32523516,
      0.15872768,
      -0.003577177,
      -0.23679204,
      -0.1733842,
      0.14157271,
      -0.19356702,
      -0.3824571,
      0.28507906,
      0.32349122,
      0.48395717,
      -0.1666717,
      -0.1979269
    ],
    "train": [
      0.24006076,
      -0.09175155,
      -0.13894667,
      0.36471435,
      0.14101522,
      0.18918173,
      -0.18372785,
      -0.07626907,
      0.3465373,
      -0.053104,
      -0.3116916,
      0.11177126,
      0.042725243,
      0.44823772,
      -0.2817974,
      -0.41433924
    ]
  },
  "Column": {
    "key": {
      "store_nbr": [
        0.20895466,
        -0.048725598,
        -0.0039469977,
        0.21328406,
        0.22662874,
        0.23287652,
        -0.016389936,
        -0.13663347,
        0.4001933,
        -0.12934789,
        -0.18865986,
        0.3486806,
        -0.03275962,
        0.6039589,
        -0.2419337,
        -0.1596905
      ],
      "station_nbr": [
        0.19451883,
        -0.07786075,
        -0.07442024,
        0.2775589,
        0.22424704,
        0.13470125,
        -0.1012591,
        -0.17349228,
        0.32466415,
        -0.15654102,
        -0.2593973,
        0.3261556,
        0.12250741,
        0.60868603,
        -0.16394006,
        -0.22086017
      ]
    },
    "station": {
      "station_nbr": [
        0.2175095,
        -0.11408656,
        0.00072197145,
        0.34437266,
        0.22439854,
        -0.0022858756,
        -0.18638755,
        -0.24726042,
        0.2576081,
        -0.18937224,
        -0.28754517,
        0.33827916,
        0.25242862,
        0.51641226,
        -0.1844918,
        -0.105190344
      ]
    },
    "train": {
      "store_nbr": [
        0.21637109,
        -0.062431872,
        -0.10812498,
        0.27624413,
        0.15602843,
        0.25822592,
        0.015036746,
        -0.05504,
        0.37961203,
        -0.06493866,
        -0.1537249,
        0.3005765,
        0.0054735513,
        0.6116941,
        -0.23659217,
        -0.27299756
      ],
      "item_nbr": [
        0.19481987,
        -0.13652162,
        0.028018376,
        0.27175373,
        0.21308017,
        0.23093148,
        0.09334407,
        -0.024550965,
        0.39642417,
        0.005116764,
        -0.19358808,
        0.31702197,
        -0.053428978,
        0.60357636,
        -0.27394783,
        -0.152838
      ],
      "units": [
        0.25751317,
        -0.05418468,
        -0.14156854,
        0.33377504,
        0.16431208,
        0.15327653,
        -0.22380352,
        -0.035413235,
        0.26143354,
        0.014184249,
        -0.41693026,
        0.264951,
        -0.2423109,
        0.3703542,
        -0.344066,
        -0.2657677
      ],
      "date": [
        0.4223942,
        -0.19425562,
        -0.10039544,
        0.3352638,
        0.15091698,
        0.02524474,
        -0.09570084,
        0.18013117,
        0.43939477,
        0.044488598,
        -0.040422518,
        0.10844265,
        0.008769246,
        0.42296547,
        -0.30089822,
        -0.3440793
      ]
    }
  }
}